time,efstageraw,cilowerstageraw,ciupperstageraw,efstage,cilowerstage,ciupperstage,eflightraw,cilowerlightraw,ciupperlightraw,eflight,cilowerlight,ciupperlight,efrichnessraw,cilowerrichnessraw,ciupperrichnessraw,efrichness,cilowerrichness,ciupperrichness
1,-0.794,-1.154,-0.441,0.452033042,0.315372752,0.643392707,0.085,-0.082,0.254,1.088717067,0.921271959,1.289171804,0.326,0.145,0.511,1.385415369,1.15603957,1.666957319
2.14,-0.726,-1.071,-0.388,0.483840486,0.34266568,0.678412343,0.066,-0.096,0.229,1.068226717,0.908464016,1.257342039,0.256,0.084,0.431,1.291752728,1.087628894,1.53879555
3,-0.638,-0.988,-0.294,0.528348064,0.372320588,0.745276491,0.135,-0.03,0.301,1.144536784,0.970445534,1.351209342,0.268,0.093,0.446,1.30734714,1.097461735,1.562051467
4.71,-0.636,-0.985,-0.293,0.529405818,0.373439227,0.746022141,0.153,-0.012,0.319,1.165324979,0.988071713,1.375751325,0.29,0.116,0.467,1.336427488,1.122995872,1.595201403
5.71,-0.634,-0.972,-0.302,0.530465689,0.37832563,0.739338065,0.158,-0.003,0.319,1.171166195,0.997004496,1.375751325,0.263,0.095,0.434,1.300826719,1.099658855,1.543418868
6.57,-0.694,-1.027,-0.367,0.499573772,0.35807959,0.692809645,0.151,-0.006,0.31,1.162996658,0.994017964,1.363425114,0.257,0.092,0.425,1.293045127,1.096364822,1.52959042
7.71,-0.657,-0.987,-0.332,0.518404217,0.372693095,0.717487323,0.133,-0.024,0.29,1.142249998,0.97628571,1.336427488,0.261,0.097,0.428,1.298227665,1.101860374,1.534186081
